{
    "Version": "2012-10-17",
    "Id": "main-key",
    "Statement": [
        {
            "Sid": "Enable IAM User Permissions",
            "Effect": "Allow",
            "Principal": {
                "AWS": "arn:aws:iam::${account_id}:root"
            },
            "Action": "kms:*",
            "Resource": "*"
        },
        {
            "Sid": "Allow cloudwatch logs to use key for log encryption",
            "Effect": "Allow",
            "Principal": {
                "Service": "logs.${region}.amazonaws.com"
            },
            "Action": [
                "kms:Encrypt*",
                "kms:Decrypt*",
                "kms:ReEncrypt*",
                "kms:GenerateDataKey*",
                "kms:Describe*"
            ],
            "Resource": "*",
            "Condition": {
                "ArnLike": {
                    "kms:EncryptionContext:aws:logs:arn": "arn:aws:logs:${region}:${account_id}:*"
                }
            }
        },
        {
            "Sid": "Allow Role to use kms key",
            "Effect": "Allow",
            "Principal": {
                "AWS": "arn:aws:iam::${account_id}:role/FMPA_production_workload_instance_role"
            },
            "Action": [
                "kms:Encrypt*",
                "kms:Decrypt*",
                "kms:ReEncrypt*",
                "kms:GenerateDataKey*",
                "kms:Describe*"
            ],
            "Resource": "*"
        }
    ]
}