{"Modules":[{"Key":"","Source":"","Dir":"."},{"Key":"ec2-instance-role","Source":"git::ssh://git@code.siemens.com/modules/terraform/aws/ec2-instance-role","Dir":".terraform/modules/ec2-instance-role"},{"Key":"iaac_bucket","Source":"git::ssh://git@code.siemens.com/modules/terraform/aws/s3-bucket?ref=V2.3.1","Dir":".terraform/modules/iaac_bucket"},{"Key":"vpc","Source":"git::ssh://git@code.siemens.com/modules/terraform/aws/vpc?ref=v4.0.1","Dir":".terraform/modules/vpc"},{"Key":"vpc.cidr_split_vertical_zones","Source":"git::ssh://git@code.siemens.com/modules/terraform/cidr-split.git?ref=TF_v0.12","Dir":".terraform/modules/vpc.cidr_split_vertical_zones"}]}